family,position_set,n_unique_positions,n_background_residues,iterations,seed,observed_mean_percentile,observed_median_percentile,random_mean_percentile_mean,random_mean_percentile_sd,empirical_p_value_lower_tail,effect_observed_minus_random_mean
ACCase,all,6,1132,10000,20260704,13.236160,12.367491,50.203133,11.847936,0.000300,-36.966973
ACCase,non_core_only,4,1132,10000,20260704,17.999117,13.869258,50.137763,14.352111,0.010199,-32.138646
ALS,all,4,582,10000,20260704,4.639175,4.639175,50.101624,14.370827,0.000100,-45.462448
EPSPS,all,1,443,10000,20260704,12.866817,12.866817,50.110361,28.724936,0.128787,-37.243544
EPSPS,non_core_only,1,443,10000,20260704,12.866817,12.866817,49.829029,28.561661,0.130787,-36.962212
PPO,all,4,465,10000,20260704,8.010753,5.483871,49.901581,14.394008,0.000600,-41.890828
PPO,non_core_only,3,465,10000,20260704,10.394265,8.172043,49.811663,16.650384,0.004100,-39.417398
