family,structure_position,mutation_ids,residue_name,in_active_site_core,distance_to_active_site_core_A,percentile_rank_distance_to_core,rsa_tien2013,normalized_conservation,proximity_class
ACCase,A:143,Ile1781Leu,ILE,True,0.0,3.7102473498233217,0.020434,0.9094747633372062,direct_core
ACCase,B:403,Ile2041Asn,ILE,True,0.0,3.7102473498233217,0.107777,0.8495989735652243,direct_core
ACCase,B:440,Asp2078Gly,ASP,False,5.642848660029795,12.279151943462898,0.010429,1.0,non_core_candidate
ACCase,B:389,Trp2027Cys,TRP,False,5.679781862008435,12.45583038869258,0.0,1.0,non_core_candidate
ACCase,B:458,Gly2096Ala,GLY,False,7.264685265033854,15.282685512367491,0.017171,1.0,non_core_candidate
ACCase,B:450,Cys2088Arg,CYS,False,11.924857609212786,31.978798586572438,0.084807,0.9042517966013457,non_core_candidate
ALS,122,Ala122Ser,ALA,TRUE,0.0,4.639175257731959,0.001037,1.0,direct_core
ALS,197,Pro197Ala,PRO,TRUE,0.0,4.639175257731959,0.002415,1.0,direct_core
ALS,574,Trp574Leu,TRP,TRUE,0.0,4.639175257731959,0.067388,1.0,direct_core
ALS,653,Ser653Asn,SER,TRUE,0.0,4.639175257731959,0.210078,1.0,direct_core
EPSPS,106,Pro106Ser,PRO,False,3.847435769444372,12.866817155756207,0.089990,1.0,non_core_candidate
PPO,98,R98G_R98M,ARG,TRUE,0.0,0.8602150537634409,0.215182,1.0,direct_core
PPO,370,G399A_R1;G399A_R2,GLY,FALSE,4.199617125405603,2.795698924731183,0.000041,1.0,non_core_adjacent
PPO,178,deltaG210_pair1;deltaG210_pair2,GLY,FALSE,8.37135287752225,8.172043010752688,0.005095,0.7686217868402409,non_core_adjacent
PPO,332,V361A,VAL,FALSE,11.733149705002493,20.21505376344086,0.0,0.5727741637221437,non_core_candidate
