family,position_set,n_unique_positions,n_background_residues,iterations,seed,observed_mean_percentile,observed_median_percentile,random_mean_percentile_mean,random_mean_percentile_sd,empirical_p_value_lower_tail,effect_observed_minus_random_mean
ACCase,all,6,1328,10000,20260704,10.680221,9.525602,49.808384,11.793597,0.000200,-39.128163
ACCase,non_core_only,4,1328,10000,20260704,14.439006,11.596386,49.864507,14.487201,0.004300,-35.425501
ALS,all,2,582,10000,20260704,4.639175,4.639175,50.347062,20.128425,0.002700,-45.707887
EPSPS,all,1,443,10000,20260704,12.866817,12.866817,50.573205,28.487966,0.124888,-37.706388
EPSPS,non_core_only,1,443,10000,20260704,12.866817,12.866817,50.631377,28.483407,0.124888,-37.764560
PPO,all,4,465,10000,20260704,8.010753,5.483871,50.010731,14.359528,0.000500,-41.999978
PPO,non_core_only,3,465,10000,20260704,10.394265,8.172043,49.989728,16.732816,0.004300,-39.595462
