family,position_set,n_unique_positions,n_background_residues,iterations,seed,observed_mean_percentile,observed_median_percentile,random_mean_percentile_mean,random_mean_percentile_sd,empirical_p_value_lower_tail,effect_observed_minus_random_mean
ACCase,all,6,1328,10000,20260704,10.680221,9.525602,49.808384,11.793597,0.000200,-39.128163
ACCase,non_core_only,4,1328,10000,20260704,14.439006,11.596386,49.864507,14.487201,0.004300,-35.425501
ALS,all,4,582,10000,20260704,4.639175,4.639175,50.244708,14.212058,0.000100,-45.605533
EPSPS,all,1,443,10000,20260704,12.866817,12.866817,50.416230,28.609756,0.128087,-37.549413
EPSPS,non_core_only,1,443,10000,20260704,12.866817,12.866817,50.611377,28.610040,0.126187,-37.744560
PPO,all,4,465,10000,20260704,8.010753,5.483871,49.925199,14.387203,0.000300,-41.914446
PPO,non_core_only,3,465,10000,20260704,10.394265,8.172043,50.042975,16.561831,0.004300,-39.648710
